{
  "name": "Orb Chaos - Tilt Control Games",
  "version": "1.0.0",
  "author": "Orb Chaos Team + GitHub Copilot CLI",
  "description": "Complete 7-game physics playground with perfect tilt control for M5StickC Plus2. No external hardware required - pure tilt-based gaming experience!",
  "category": "Games & Entertainment", 
  "device": "M5StickC Plus 2",
  "homepage": "https://github.com/orbchaos/tilt-control",
  "preview": "",
  "icon": "",
  "features": [
    "🎮 Seven unique physics-based game modes", 
    "🌀 Perfect tilt control using built-in IMU",
    "💫 Advanced collision physics with momentum transfer",
    "🎯 Clean minimalist gameplay interface",
    "⚡ Smooth 60 FPS performance",
    "🚫 No external hardware required",
    "🔄 Auto-calibrating tilt sensor",
    "🎨 Dynamic ball splitting and effects"
  ],
  "firmware": {
    "bootloader": "0x1000",
    "partitions": "0x8000",
    "app": "0x10000", 
    "merged": true,
    "flash_offset": "0x0"
  },
  "installation": {
    "method": "M5Burner",
    "file": "Orb-Chaos-Tilt-MERGED.bin",
    "size": "511072",
    "flash_address": "0x0"
  }
}