{
  "name": "Orb Chaos - 7 Games Collection",
  "version": "1.0.0",
  "description": "Complete arcade game collection with 7 different ball physics modes for M5StickC Plus2",
  "author": "PsycGames",
  "category": "Games",
  "device": "M5StickC Plus2",
  "firmware": "Orb-Chaos-7Games-FINAL.bin",
  "size": 540096,
  "md5": "",
  "website": "",
  "documentation": "",
  "requires": ["Mini Joy C Hat"],
  "features": [
    "7 unique game modes with different physics",
    "Real-time collision detection",
    "JoyC hat joystick control",
    "Visual trail effects",
    "Gravity simulation",
    "Ball splitting mechanics",
    "Menu navigation system"
  ],
  "instructions": [
    "Connect Mini Joy C hat to M5StickC Plus2",
    "Power on device",
    "Use joystick up/down to navigate menu",
    "Press joystick to select game mode",
    "Move joystick to control player ball",
    "Hold B button for 1 second to return to menu"
  ],
  "controls": {
    "Joystick": "Move player ball / Navigate menu",
    "Joystick Press": "Select game mode",
    "B Button (Hold)": "Return to menu"
  },
  "games": [
    "1. CLASSIC - 30 balls with normal physics",
    "2. ELIMINATION - 60 balls that disappear when hit",
    "3. POCKET - 40 balls with purple hole target", 
    "4. SPLITTER - Balls split when hit by player",
    "5. GRAVITY - Player ball creates gravity well",
    "6. RAPID FIRE - 50 tiny fast-moving balls",
    "7. TRACERS - 30 fast balls with trail effects"
  ]
}